Lead ID,Full Name,Contact Number,Mood,Registration Date & Time,Wheel Prize Won,BMI Score,BMI Category,Tamil Cinema Riddles Score,Health Quiz Score,Total Perks Won,Claimable Voucher Codes & Details,Cloud Sync Status
"c73m5TgZDKf2I1tqIlrE","Yaswanthi","9600725695","Ready to Blossom","8/9/2026, 9:14:28 PM","Try Health Quiz","Not Checked","—","3/3","3/3",3,"Bonus Health Challenge 🧠 [Code: HL-CHALLENGE-3862] | Free Snack Box (Poha Dumplings / Millet Balls) [Code: HL-SNACK-1344] | Wholesome Snack Box (Steamed Poha / Ragi Balls) [Code: HL-SNACK-6411]","Synced (Firestore)"
"QPwkjah1L4idtg6NOBKK","Msns","9454646466","Feeling Fantastic","8/9/2026, 8:54:26 PM","Not Played","Not Checked","—","Not Played","Not Played",0,"None","Synced (Firestore)"
"m0haKnDWFODoqK1VP46L","Uma","9442514418","Ready to Blossom","8/9/2026, 7:43:20 PM","Not Played","Not Checked","—","Not Played","Not Played",0,"None","Synced (Firestore)"
"9hJdGhjX6VrL2mVJfTot","Ramkiran","9790971964","Energized & Excited","8/9/2026, 7:11:07 PM","Not Played","Not Checked","—","Not Played","Not Played",0,"None","Synced (Firestore)"
"kfLXBzgzf7dR8RZwvS4s","Ugesh","9003999302","Energized & Excited","8/9/2026, 4:49:09 PM","Afresh Energy Drink","23.5 (Ideal Weight)","Ideal Weight","Not Played","Not Played",2,"Free Afresh Energy Drink 🍵 [Code: HL-AFRESH-5086] | Free Body Composition Scan & Aloe Shot [Code: HL-BMI-6945]","Synced (Firestore)"
"e8SAe1LJujfHrKfMIhmb","Rithubaran","9818812529","Energized & Excited","8/9/2026, 4:30:01 PM","Afresh Energy Drink","Not Checked","—","2/3","Not Played",2,"Free Afresh Energy Drink 🍵 [Code: HL-AFRESH-3269] | Free Afresh Drink (Saffron/Ginger/Lemon/Tulsi) [Code: HL-AFRESH-6095]","Synced (Firestore)"
"BSDIpCcOYXutzi38wbHI","Shiffa","9342499410","Feeling Fantastic","8/9/2026, 3:16:08 PM","Not Played","Not Checked","—","Not Played","Not Played",0,"None","Synced (Firestore)"
"X3sIQJWRycTZqBZnEQ6n","Anusha","8142848091","Ready to Blossom","8/9/2026, 2:20:45 PM","Not Played","Not Checked","—","Not Played","Not Played",0,"None","Synced (Firestore)"
"fgXd1YPPMTsJhvcl24Ps","S balaji","7376220989","Feeling Fantastic","8/9/2026, 2:14:57 PM","Healthy Snack Box","Not Checked","—","Not Played","Not Played",1,"Wholesome Snack Box 🥟 [Code: HL-SNACK-7325]","Synced (Firestore)"
"r2eerYnFnAsdeu8b4aSo","Lakshmi","9443832273","Feeling Fantastic","8/9/2026, 2:09:00 PM","Afresh Energy Drink","Not Checked","—","Not Played","Not Played",1,"Free Afresh Energy Drink 🍵 [Code: HL-AFRESH-8231]","Synced (Firestore)"
"XVolCvgZzoRnxjqXfeKR","Ugesh","9003999302","Feeling Fantastic","8/9/2026, 1:36:30 PM","Afresh Energy Drink","Not Checked","—","Not Played","2/3",2,"Free Afresh Energy Drink 🍵 [Code: HL-AFRESH-2398] | Free Afresh Energy Drink Tasting [Code: HL-AFRESH-9871]","Synced (Firestore)"
"bTWDSpZEYVGVWdMMruAb","Shunmugathiraviam","9566327749","Feeling Fantastic","8/9/2026, 1:25:06 PM","Afresh Energy Drink","Not Checked","—","Not Played","Not Played",1,"Free Afresh Energy Drink 🍵 [Code: HL-AFRESH-7066]","Synced (Firestore)"
"6o5HplH0GGMAqzEzYBdO","Rajan","7010033200","Feeling Fantastic","8/9/2026, 1:22:26 PM","Afresh Energy Drink","Not Checked","—","Not Played","Not Played",1,"Free Afresh Energy Drink 🍵 [Code: HL-AFRESH-1124]","Synced (Firestore)"
"kMvdWCIeRshG1A0PtDJ8","Darsshini","7604993629","Feeling Fantastic","8/9/2026, 1:07:55 PM","Not Played","Not Checked","—","Not Played","Not Played",0,"None","Synced (Firestore)"
"W8Ka8wmguhfaBTcKPlV1","Sathya","9487525695","Feeling Fantastic","8/9/2026, 12:27:30 PM","Afresh Energy Drink","Not Checked","—","Not Played","Not Played",1,"Free Afresh Energy Drink 🍵 [Code: HL-AFRESH-8398]","Synced (Firestore)"
"vtVNozTlC3UTPrPa5MQi","Shristi","7042611440","Ready to Blossom","8/9/2026, 12:25:21 PM","Not Played","Not Checked","—","Not Played","Not Played",0,"None","Synced (Firestore)"
"bH057GnGY1GMe55UMS0f","fdd","8574275224","Feeling Fantastic","8/9/2026, 12:15:44 PM","Not Played","Not Checked","—","Not Played","Not Played",0,"None","Synced (Firestore)"
"ZV4Uzpmc7UucjyzFFpyl","Firebase Test","9999999999","Feeling Fantastic","8/9/2026, 11:57:46 AM","Not Played","Not Checked","—","Not Played","Not Played",0,"None","Synced (Firestore)"
"B0bLucGycHgo2YYKw9W3","Kavitha Nathan","9840123456","Ready to Blossom","8/9/2026, 11:53:50 AM","Afresh Energy Drink","Not Checked","—","2/3","2/3",3,"Free Afresh Energy Drink 🍵 [Code: HL-AFRESH-4866] | Free Afresh Drink (Saffron/Ginger/Lemon/Tulsi) [Code: HL-AFRESH-1285] | Free Afresh Energy Drink Tasting [Code: HL-AFRESH-2603]","Synced (Firestore)"
"zc5VuNfhqRjrOwFOzRZi","Ugesh Ragavan","9876543210","Feeling Fantastic","8/9/2026, 11:42:52 AM","Not Played","Not Checked","—","2/3","3/3",2,"Free Afresh Drink (Saffron/Ginger/Lemon/Tulsi) [Code: HL-AFRESH-3745] | Wholesome Snack Box (Steamed Poha / Ragi Balls) [Code: HL-SNACK-4227]","Synced (Firestore)"
"J8RPugEyurp6A5p4CUTx","Alex Sharma","9876543210","Feeling Fantastic","8/9/2026, 11:32:51 AM","Not Played","Not Checked","—","Not Played","Not Played",0,"None","Synced (Firestore)"
"i53sSoIgd66nrDDrVY0y","Alex Sharma","9876543210","Feeling Fantastic","8/9/2026, 11:32:51 AM","Not Played","Not Checked","—","Not Played","Not Played",0,"None","Synced (Firestore)"
"Aknt5dVSej2s21Ypcrg3","sh Ragavan","9876543210","Feeling Fantastic","8/9/2026, 11:29:22 AM","Not Played","Not Checked","—","Not Played","Not Played",0,"None","Synced (Firestore)"
"MChrAUIPepsKdUmH1G2P","sh Ragavan","9876543210","Feeling Fantastic","8/9/2026, 11:29:22 AM","Not Played","Not Checked","—","Not Played","Not Played",0,"None","Synced (Firestore)"
"K6rNrBgibSwFCogTmfbT","ug","5646451354","Feeling Fantastic","8/9/2026, 11:28:29 AM","Afresh Energy Drink","Not Checked","—","Not Played","Not Played",1,"Free Afresh Energy Drink 🍵 [Code: HL-AFRESH-9513]","Synced (Firestore)"
"BlsBVRRFSrFYOzLNCbcS","Ugesh Ragavan","9876543210","Feeling Fantastic","8/9/2026, 11:23:23 AM","Afresh Energy Drink","Not Checked","—","Not Played","Not Played",1,"Free Afresh Energy Drink 🍵 [Code: HL-AFRESH-9666]","Synced (Firestore)"
"FaGOR8LzIv1JWt7fbZSV","Ugesh","9003999302","Feeling Fantastic","8/9/2026, 11:22:26 AM","Not Played","Not Checked","—","Not Played","Not Played",0,"None","Synced (Firestore)"
"tTCAdHSgokdvIOqDENbY","Ugesh","9003999302","Feeling Fantastic","8/9/2026, 11:22:26 AM","Not Played","Not Checked","—","Not Played","Not Played",0,"None","Synced (Firestore)"